{
  "config": {
    "total_time": 0.5,
    "dt": 0.05,
    "delay": {
      "delay_steps": 0,
      "kernel": {
        "kind": "delta",
        "tau": null
      },
      "max_history": null
    },
    "reproducibility": {
      "seed": 7,
      "store_every": 1,
      "output_dir": "artifacts/reference_sweep_vpy"
    },
    "label": "delay-0"
  },
  "model_name": "LinearBackreactionModel",
  "records": [
    {
      "step_index": 0,
      "time": 0.0,
      "state": [
        1.0,
        1.2,
        1.4
      ],
      "source": [
        0.9,
        1.1999999999999997,
        1.4999999999999998
      ],
      "effective_source": [
        0.9,
        1.1999999999999997,
        1.4999999999999998
      ],
      "curvature": [
        1.08,
        1.4399999999999997,
        1.7999999999999996
      ],
      "history_length": 0,
      "buffer_advance_count": 0
    },
    {
      "step_index": 1,
      "time": 0.05,
      "state": [
        1.00275,
        1.206,
        1.40925
      ],
      "source": [
        0.9020625000000001,
        1.2045,
        1.5069374999999998
      ],
      "effective_source": [
        0.9020625000000001,
        1.2045,
        1.5069374999999998
      ],
      "curvature": [
        1.082475,
        1.4453999999999998,
        1.8083249999999997
      ],
      "history_length": 1,
      "buffer_advance_count": 1
    },
    {
      "step_index": 2,
      "time": 0.1,
      "state": [
        1.00549828125,
        1.2119962499999999,
        1.4184942187499998
      ],
      "source": [
        0.9041237109375,
        1.2089971874999998,
        1.5138706640624997
      ],
      "effective_source": [
        0.9041237109375,
        1.2089971874999998,
        1.5138706640624997
      ],
      "curvature": [
        1.084948453125,
        1.4507966249999997,
        1.8166447968749995
      ],
      "history_length": 2,
      "buffer_advance_count": 2
    },
    {
      "step_index": 3,
      "time": 0.15000000000000002,
      "state": [
        1.0082448448242187,
        1.2179887523437498,
        1.4277326598632811
      ],
      "source": [
        0.906183633618164,
        1.2134915642578123,
        1.5207994948974608
      ],
      "effective_source": [
        0.906183633618164,
        1.2134915642578123,
        1.5207994948974608
      ],
      "curvature": [
        1.0874203603417967,
        1.4561898771093749,
        1.8249593938769528
      ],
      "history_length": 3,
      "buffer_advance_count": 3
    },
    {
      "step_index": 4,
      "time": 0.2,
      "state": [
        1.0109896917962036,
        1.223977509373535,
        1.4369653269508667
      ],
      "source": [
        0.9082422688471526,
        1.217983132030151,
        1.5277239952131498
      ],
      "effective_source": [
        0.9082422688471526,
        1.217983132030151,
        1.5277239952131498
      ],
      "curvature": [
        1.089890722616583,
        1.4615797584361812,
        1.8332687942557797
      ],
      "history_length": 4,
      "buffer_advance_count": 4
    },
    {
      "step_index": 5,
      "time": 0.25,
      "state": [
        1.013732823238831,
        1.2299625234301765,
        1.4461922236215223
      ],
      "source": [
        0.9102996174291232,
        1.2224718925726323,
        1.5346441677161418
      ],
      "effective_source": [
        0.9102996174291232,
        1.2224718925726323,
        1.5346441677161418
      ],
      "curvature": [
        1.0923595409149478,
        1.4669662710871587,
        1.84157300125937
      ],
      "history_length": 5,
      "buffer_advance_count": 5
    },
    {
      "step_index": 6,
      "time": 0.30000000000000004,
      "state": [
        1.0164742402243068,
        1.2359437968530327,
        1.4554133534817588
      ],
      "source": [
        0.9123556801682301,
        1.2269578476397744,
        1.5415600151113191
      ],
      "effective_source": [
        0.9123556801682301,
        1.2269578476397744,
        1.5415600151113191
      ],
      "curvature": [
        1.0948268162018762,
        1.4723494171677294,
        1.8498720181335828
      ],
      "history_length": 6,
      "buffer_advance_count": 6
    },
    {
      "step_index": 7,
      "time": 0.35000000000000003,
      "state": [
        1.0192139438241665,
        1.2419213319799995,
        1.4646287201358328
      ],
      "source": [
        0.9144104578681249,
        1.2314409989849997,
        1.5484715401018745
      ],
      "effective_source": [
        0.9144104578681249,
        1.2314409989849997,
        1.5484715401018745
      ],
      "curvature": [
        1.0972925494417498,
        1.4777291987819996,
        1.8581658481222494
      ],
      "history_length": 7,
      "buffer_advance_count": 7
    },
    {
      "step_index": 8,
      "time": 0.4,
      "state": [
        1.0219519351092765,
        1.2478951311475122,
        1.4738383271857478
      ],
      "source": [
        0.9164639513319573,
        1.235921348360634,
        1.5553787453893109
      ],
      "effective_source": [
        0.9164639513319573,
        1.235921348360634,
        1.5553787453893109
      ],
      "curvature": [
        1.0997567415983487,
        1.4831056180327606,
        1.866454494467173
      ],
      "history_length": 8,
      "buffer_advance_count": 8
    },
    {
      "step_index": 9,
      "time": 0.45,
      "state": [
        1.024688215149833,
        1.253865196690545,
        1.4830421782312566
      ],
      "source": [
        0.9185161613623748,
        1.2403988975179088,
        1.5622816336734424
      ],
      "effective_source": [
        0.9185161613623748,
        1.2403988975179088,
        1.5622816336734424
      ],
      "curvature": [
        1.1022193936348497,
        1.4884786770214904,
        1.874737960408131
      ],
      "history_length": 8,
      "buffer_advance_count": 9
    },
    {
      "step_index": 10,
      "time": 0.5,
      "state": [
        1.0274227850153645,
        1.2598315309426134,
        1.4922402768698622
      ],
      "source": [
        0.9205670887615235,
        1.2448736482069598,
        1.5691802076523966
      ],
      "effective_source": [
        0.9205670887615235,
        1.2448736482069598,
        1.5691802076523966
      ],
      "curvature": [
        1.104680506513828,
        1.4938483778483518,
        1.883016249182876
      ],
      "history_length": 8,
      "buffer_advance_count": 10
    }
  ],
  "physical_log": [
    {
      "step_index": 0,
      "time": 0.0,
      "state": [
        1.0,
        1.2,
        1.4
      ],
      "source": [
        0.9,
        1.1999999999999997,
        1.4999999999999998
      ],
      "effective_source": [
        0.9,
        1.1999999999999997,
        1.4999999999999998
      ],
      "curvature": [
        1.08,
        1.4399999999999997,
        1.7999999999999996
      ],
      "history_length": 0,
      "buffer_advance_count": 0
    },
    {
      "step_index": 1,
      "time": 0.05,
      "state": [
        1.00275,
        1.206,
        1.40925
      ],
      "source": [
        0.9020625000000001,
        1.2045,
        1.5069374999999998
      ],
      "effective_source": [
        0.9020625000000001,
        1.2045,
        1.5069374999999998
      ],
      "curvature": [
        1.082475,
        1.4453999999999998,
        1.8083249999999997
      ],
      "history_length": 1,
      "buffer_advance_count": 1
    },
    {
      "step_index": 2,
      "time": 0.1,
      "state": [
        1.00549828125,
        1.2119962499999999,
        1.4184942187499998
      ],
      "source": [
        0.9041237109375,
        1.2089971874999998,
        1.5138706640624997
      ],
      "effective_source": [
        0.9041237109375,
        1.2089971874999998,
        1.5138706640624997
      ],
      "curvature": [
        1.084948453125,
        1.4507966249999997,
        1.8166447968749995
      ],